idx,ans
0,1
1,1
2,1
3,0
4,0
5,0
6,0
7,1
8,1
9,0
10,1
11,0
12,0
13,0
14,1
15,0
16,0
17,0
18,0
19,1
20,1
21,0
22,1
23,1
24,0
25,0
26,0
27,0
28,0
29,0
30,0
31,0
32,0
33,1
34,0
35,1
36,0
37,0
38,0
39,0
40,1
41,1
42,0
43,0
44,0
45,1
46,0
47,0
48,0
49,0
50,0
51,0
52,1
53,0
54,0
55,1
56,0
57,1
58,0
59,1
60,0
61,1
62,0
63,1
64,0
65,0
66,0
67,1
68,0
69,0
70,0
71,1
72,1
73,0
74,0
75,0
76,0
77,0
78,1
79,0
80,0
81,0
82,0
83,1
84,0
85,1
86,1
87,1
88,0
89,1
90,1
91,0
92,0
93,0
94,0
95,0
96,1
97,0
98,0
99,0
100,1
101,0
102,0
103,0
104,0
105,0
106,1
107,1
108,0
109,0
110,1
111,0
112,0
113,0
114,0
115,1
116,0
117,0
118,0
119,0
120,0
121,0
122,0
123,0
124,1
125,0
126,0
127,0
128,1
129,1
130,0
131,0
132,0
133,1
134,0
135,0
136,1
137,0
138,0
139,0
140,1
141,1
142,1
143,0
144,0
145,0
146,1
147,1
148,0
149,0
150,1
151,0
152,1
153,0
154,0
155,0
156,0
157,0
158,0
159,1
160,0
161,1
162,0
163,0
164,0
165,0
166,0
167,1
168,1
169,0
170,0
171,1
172,1
173,0
174,0
175,0
176,0
177,0
178,0
179,1
180,0
181,0
182,0
183,0
184,1
185,0
186,1
187,0
188,0
189,0
190,0
191,0
192,1
193,1
194,0
195,1
196,1
197,0
198,0
199,0
200,0
201,1
202,1
203,0
204,0
205,0
206,1
207,0
208,0
209,1
210,0
211,1
212,0
213,0
214,0
215,0
216,0
217,0
218,0
219,0
220,1
221,0
222,0
223,0
224,0
225,0
226,0
227,0
228,0
229,1
230,0
231,0
232,0
233,1
234,0
235,0
236,1
237,0
238,0
239,0
240,0
241,0
242,0
243,0
244,0
245,0
246,0
247,0
248,1
249,0
250,0
251,1
252,0
253,1
254,0
255,0
256,0
257,0
258,0
259,0
260,1
261,0
262,1
263,0
264,1
265,0
266,1
267,0
268,0
269,0
270,0
271,1
272,0
273,1
274,0
275,1
276,0
277,0
278,0
279,1
280,0
281,1
282,1
283,0
284,1
285,1
286,0
287,0
288,0
289,0
290,1
291,1
292,0
293,0
294,0
295,0
296,1
297,0
298,0
299,1
300,1
301,0
302,0
303,0
304,1
305,1
306,0
307,0
308,1
309,0
310,0
311,0
312,1
313,0
314,1
315,0
316,0
317,0
318,0
319,1
320,0
321,1
322,0
323,0
324,0
325,1
326,1
327,1
328,0
329,0
330,0
331,1
332,0
333,1
334,1
335,0
336,1
337,1
338,1
339,0
340,0
341,0
342,1
343,0
344,0
345,0
346,1
347,1
348,0
349,0
350,0
351,0
352,0
353,0
354,0
355,0
356,0
357,0
358,0
359,0
360,0
361,1
362,1
363,0
364,0
365,0
366,1
367,1
368,0
369,0
370,1
371,0
372,1
373,0
374,0
375,0
376,0
377,1
378,0
379,0
380,1
381,0
382,0
383,0
384,0
385,0
386,1
387,1
388,0
389,0
390,1
391,0
392,0
393,1
394,1
395,0
396,0
397,0
398,0
399,0
400,0
401,0
402,1
403,0
404,0
405,1
406,1
407,0
408,0
409,0
410,0
411,1
412,0
413,0
414,0
415,1
416,0
417,1
418,0
419,0
420,1
421,0
422,0
423,0
424,0
425,0
426,0
427,0
428,0
429,0
430,0
431,0
432,1
433,0
434,0
435,0
436,0
437,0
438,0
439,0
440,0
441,0
442,1
443,1
444,0
445,0
446,0
447,1
448,0
449,1
450,0
451,0
452,1
453,0
454,0
455,0
456,0
457,1
458,0
459,1
460,1
461,0
462,1
463,1
464,0
465,1
466,1
467,0
468,0
469,1
470,0
471,1
472,0
473,0
474,1
475,0
476,0
477,0
478,1
479,0
480,0
481,0
482,1
483,0
484,0
485,0
486,1
487,0
488,0
489,1
490,0
491,0
492,0
493,0
494,0
495,0
496,0
497,0
498,1
499,0
500,0
501,0
502,1
503,1
504,0
505,0
506,0
507,0
508,0
509,0
510,1
511,0
512,1
513,0
514,1
515,0
516,1
517,0
518,0
519,1
520,1
521,0
522,0
523,0
524,0
525,1
526,1
527,1
528,1
529,0
530,0
531,0
532,0
533,0
534,0
535,1
536,0
537,0
538,1
539,0
540,0
541,0
542,0
543,0
544,1
545,0
546,1
547,0
548,0
549,1
550,0
551,0
552,0
553,0
554,0
555,1
556,0
557,0
558,0
559,1
560,1
561,0
562,1
563,0
564,1
565,0
566,0
567,1
568,0
569,1
570,0
571,0
572,0
573,0
574,1
575,1
576,0
577,1
578,0
579,1
580,0
581,0
582,0
583,1
584,0
585,0
586,1
587,1
588,1
589,1
590,1
591,0
592,1
593,0
594,1
595,1
596,0
597,0
598,0
599,0
600,0
601,0
602,1
603,1
604,0
605,1
606,1
607,0
608,1
609,0
610,1
611,0
612,0
613,0
614,0
615,0
616,0
617,0
618,0
619,0
620,1
621,0
622,0
623,1
624,0
625,0
626,0
627,0
628,0
629,1
630,1
631,0
632,0
633,0
634,0
635,0
636,0
637,0
638,0
639,1
640,0
641,1
642,0
643,0
644,1
645,1
646,0
647,1
648,1
649,0
650,0
651,0
652,1
653,0
654,0
655,1
656,0
657,0
658,0
659,0
660,0
661,1
662,0
663,1
664,0
665,1
666,0
667,1
668,0
669,0
670,0
671,0
672,0
673,0
674,1
675,1
676,0
677,0
678,0
679,1
680,0
681,1
682,0
683,0
684,0
685,1
686,1
687,1
688,1
689,1
690,1
691,1
692,0
693,1
694,0
695,0
696,0
697,0
698,0
699,1
700,0
701,1
702,1
703,0
704,1
705,0
706,1
707,0
708,0
709,1
710,0
711,0
712,1
713,1
714,1
715,0
716,0
717,0
718,0
719,1
720,0
721,1
722,0
723,0
724,0
725,1
726,0
727,0
728,0
729,0
730,0
731,0
732,1
733,0
734,1
735,0
736,1
737,0
738,0
739,0
740,0
741,1
742,0
743,0
744,1
745,0
746,1
747,0
748,1
749,1
750,0
751,0
752,0
753,0
754,0
755,1
756,0
757,0
758,0
759,1
760,0
761,1
762,1
763,0
764,1
765,1
766,0
767,0
768,1
769,0
770,0
771,0
772,1
773,1
774,1
775,0
776,0
777,0
778,1
779,1
780,0
781,0
782,0
783,0
784,0
785,0
786,1
787,1
788,1
789,0
790,0
791,0
792,1
793,0
794,1
795,1
796,0
797,0
798,0
799,1
800,0
801,0
802,0
803,0
804,1
805,0
806,0
807,0
808,1
809,0
810,1
811,1
812,0
813,1
814,0
815,0
816,0
817,0
818,0
819,0
820,1
821,0
822,0
823,1
824,1
825,1
826,0
827,0
828,0
829,0
830,1
831,0
832,1
833,1
834,0
835,0
836,0
837,0
838,0
839,0
840,0
841,0
842,0
843,1
844,0
845,1
846,0
847,1
848,1
849,1
850,0
851,0
852,0
853,1
854,0
855,1
856,1
857,1
858,1
859,1
860,1
861,1
862,0
863,0
864,1
865,0
866,0
867,0
868,1
869,0
870,0
871,0
872,0
873,0
874,0
875,0
876,0
877,1
878,1
879,0
880,1
881,0
882,1
883,0
884,0
885,0
886,1
887,0
888,0
889,1
890,1
891,0
892,0
893,1
894,0
895,1
896,1
897,0
898,0
899,0
900,1
901,0
902,1
903,0
904,0
905,0
906,0
907,1
908,0
909,0
910,0
911,1
912,0
913,0
914,0
915,1
916,0
917,0
918,1
919,0
920,0
921,1
922,0
923,0
924,0
925,1
926,1
927,0
928,1
929,0
930,0
931,0
932,0
933,1
934,1
935,1
936,0
937,0
938,0
939,0
940,1
941,1
942,0
943,0
944,1
945,0
946,1
947,0
948,0
949,1
950,1
951,0
952,1
953,0
954,0
955,1
956,1
957,1
958,0
959,0
960,0
961,1
962,0
963,0
964,0
965,0
966,0
967,1
968,0
969,0
970,1
971,0
972,0
973,0
974,0
975,0
976,0
977,0
978,0
979,1
980,1
981,1
982,0
983,0
984,1
985,0
986,0
987,0
988,0
989,0
990,0
991,0
992,1
993,0
994,1
995,0
996,0
997,0
998,1
999,0
1000,0
1001,0
1002,0
1003,0
1004,0
1005,1
1006,1
1007,0
1008,0
1009,0
1010,0
1011,0
1012,1
1013,1
1014,1
1015,1
1016,1
1017,0
1018,1
1019,0
1020,0
1021,0
1022,1
1023,0
1024,0
1025,0
1026,0
1027,0
1028,0
1029,0
1030,1
1031,0
1032,1
1033,1
1034,0
1035,0
1036,0
1037,0
1038,0
1039,0
1040,1
1041,0
1042,0
1043,1
1044,0
1045,0
1046,0
1047,1
1048,0
1049,1
1050,1
1051,0
1052,1
1053,0
1054,1
1055,1
1056,1
1057,0
1058,0
1059,0
1060,0
1061,0
1062,0
1063,0
1064,0
1065,1
1066,0
1067,0
1068,0
1069,1
1070,0
1071,0
1072,1
1073,0
1074,1
1075,0
1076,0
1077,0
1078,0
1079,0
1080,0
1081,0
1082,1
1083,1
1084,0
1085,1
1086,0
1087,0
1088,0
1089,0
1090,0
1091,0
1092,0
1093,0
1094,0
1095,0
1096,0
1097,1
1098,0
1099,1
1100,1
1101,1
1102,1
1103,1
1104,0
1105,0
1106,0
1107,0
1108,0
1109,0
1110,1
1111,0
1112,0
1113,1
1114,1
1115,1
1116,1
1117,0
1118,0
1119,0
1120,0
1121,0
1122,0
1123,0
1124,0
1125,0
1126,0
1127,0
1128,0
1129,1
1130,0
1131,1
1132,0
1133,0
1134,0
1135,0
1136,0
1137,0
1138,1
1139,1
1140,0
1141,1
1142,0
1143,0
1144,0
1145,0
1146,1
1147,0
1148,1
1149,1
1150,0
1151,0
1152,0
1153,0
1154,0
1155,0
1156,0
1157,1
1158,0
1159,0
1160,0
1161,1
1162,1
1163,1
1164,1
1165,1
1166,1
1167,0
1168,1
1169,0
1170,1
1171,0
1172,0
1173,0
1174,0
1175,1
1176,0
1177,0
1178,0
1179,1
1180,0
1181,0
1182,0
1183,0
1184,0
1185,0
1186,0
1187,0
1188,0
1189,1
1190,0
1191,0
1192,0
1193,0
1194,0
1195,0
1196,1
1197,0
1198,1
1199,1
1200,0
1201,0
1202,0
1203,0
1204,0
1205,0
1206,0
1207,0
1208,0
1209,0
1210,0
1211,0
1212,0
1213,1
1214,1
1215,0
1216,0
1217,0
1218,1
1219,1
1220,1
1221,0
1222,0
1223,1
1224,0
1225,1
1226,0
1227,0
1228,0
1229,0
1230,0
1231,0
1232,0
1233,0
1234,0
1235,1
1236,1
1237,0
1238,0
1239,0
1240,0
1241,0
1242,0
1243,0
1244,1
1245,1
1246,0
1247,1
1248,1
1249,1
1250,0
1251,0
1252,0
1253,1
1254,0
1255,0
1256,0
1257,1
1258,0
1259,0
1260,1
1261,0
1262,0
1263,0
1264,1
1265,0
1266,0
1267,1
1268,0
1269,1
1270,0
1271,1
1272,1
1273,1
1274,1
1275,0
1276,0
1277,0
1278,0
1279,0
1280,1
1281,0
1282,1
1283,1
1284,0
1285,0
1286,0
1287,1
1288,1
1289,0
1290,1
1291,1
1292,0
1293,0
1294,0
1295,0
1296,0
1297,1
1298,1
1299,0
1300,0
1301,1
1302,0
1303,0
1304,1
1305,0
1306,1
1307,0
1308,1
1309,1
1310,1
1311,0
1312,0
1313,1
1314,1
1315,0
1316,1
1317,1
1318,1
1319,0
1320,0
1321,0
1322,1
1323,0
1324,0
1325,1
1326,0
1327,1
1328,0
1329,0
1330,1
1331,1
1332,0
1333,1
1334,0
1335,0
1336,0
1337,1
1338,1
1339,1
1340,0
1341,1
1342,0
1343,0
1344,0
1345,0
1346,1
1347,0
1348,0
1349,0
1350,0
1351,1
1352,0
1353,1
1354,1
1355,0
1356,1
1357,0
1358,0
1359,0
1360,0
1361,1
1362,1
1363,0
1364,0
1365,1
1366,0
1367,0
1368,0
1369,0
1370,1
1371,0
1372,0
1373,1
1374,0
1375,0
1376,0
1377,0
1378,0
1379,0
1380,1
1381,0
1382,0
1383,0
1384,0
1385,0
1386,0
1387,1
1388,0
1389,1
1390,0
1391,0
1392,1
1393,0
1394,1
1395,0
1396,0
1397,0
1398,0
1399,0
1400,0
1401,0
1402,0
1403,0
1404,1
1405,0
1406,0
1407,1
1408,1
1409,0
1410,0
1411,1
1412,1
1413,0
1414,0
1415,1
1416,1
1417,0
1418,0
1419,1
1420,0
1421,0
1422,1
1423,1
1424,1
1425,0
1426,1
1427,0
1428,1
1429,1
1430,1
1431,0
1432,0
1433,1
1434,1
1435,1
1436,0
1437,0
1438,0
1439,0
1440,0
1441,1
1442,0
1443,0
1444,0
1445,0
1446,0
1447,0
1448,0
1449,0
1450,0
1451,1
1452,1
1453,1
1454,0
1455,1
1456,0
1457,1
1458,0
1459,0
1460,1
1461,0
1462,0
1463,1
1464,1
1465,0
1466,0
1467,1
1468,0
1469,0
1470,0
1471,0
1472,0
1473,0
1474,1
1475,0
1476,0
1477,0
1478,0
1479,1
1480,0
1481,0
1482,0
1483,0
1484,0
1485,0
1486,0
1487,1
1488,1
1489,1
1490,0
1491,0
1492,1
1493,0
1494,0
1495,0
1496,1
1497,1
1498,1
1499,0
1500,0
1501,0
1502,1
1503,0
1504,0
1505,0
1506,0
1507,1
1508,0
1509,0
1510,0
1511,0
1512,1
1513,1
1514,0
1515,0
1516,0
1517,0
1518,0
1519,0
1520,0
1521,0
1522,0
1523,0
1524,0
1525,1
1526,0
1527,0
1528,1
1529,0
1530,0
1531,0
1532,1
1533,0
1534,1
1535,1
1536,1
1537,0
1538,1
1539,0
1540,0
1541,0
1542,1
1543,0
1544,1
1545,0
1546,0
1547,1
1548,0
1549,1
1550,0
1551,1
1552,1
1553,0
1554,1
1555,1
1556,0
1557,0
1558,1
1559,1
1560,0
1561,1
1562,0
1563,1
1564,0
1565,1
1566,1
1567,0
1568,0
1569,0
1570,0
1571,1
1572,0
1573,0
1574,0
1575,0
1576,0
1577,0
1578,0
1579,1
1580,0
1581,0
1582,0
1583,0
1584,0
1585,1
1586,0
1587,1
1588,0
1589,0
1590,0
1591,0
1592,0
1593,1
1594,0
1595,0
1596,0
1597,0
1598,0
1599,0
1600,0
1601,0
1602,0
1603,0
1604,0
1605,1
1606,1
1607,1
1608,1
1609,0
1610,1
1611,0
1612,0
1613,0
1614,0
1615,0
1616,0
1617,0
1618,0
1619,1
1620,0
1621,0
1622,1
1623,0
1624,0
1625,0
1626,1
1627,0
1628,1
1629,0
1630,0
1631,0
1632,0
1633,0
1634,0
1635,0
1636,1
1637,0
1638,0
1639,1
1640,1
1641,1
1642,1
1643,0
1644,0
1645,1
1646,1
1647,1
1648,0
1649,1
1650,0
1651,1
1652,0
1653,1
1654,1
1655,0
1656,0
1657,1
1658,0
1659,0
1660,0
1661,0
1662,1
1663,0
1664,0
1665,0
1666,0
1667,1
1668,0
1669,1
1670,1
1671,1
1672,0
1673,0
1674,1
1675,0
1676,0
1677,0
1678,0
1679,0
1680,0
1681,0
1682,0
1683,0
1684,0
1685,0
1686,0
1687,1
1688,1
1689,1
1690,0
1691,0
1692,0
1693,0
1694,0
1695,0
1696,0
1697,1
1698,0
1699,0
1700,0
1701,0
1702,0
1703,0
1704,0
1705,0
1706,1
1707,0
1708,0
1709,0
1710,1
1711,0
1712,0
1713,0
1714,1
1715,0
1716,0
1717,1
1718,0
1719,0
1720,0
1721,0
1722,0
1723,1
1724,0
1725,0
1726,1
1727,0
1728,0
1729,1
1730,0
1731,0
1732,0
1733,0
1734,0
1735,0
1736,1
1737,0
1738,1
1739,1
1740,0
1741,0
1742,1
1743,1
1744,1
1745,1
1746,1
1747,0
1748,0
1749,0
1750,0
1751,0
1752,1
1753,0
1754,1
1755,0
1756,0
1757,0
1758,0
1759,1
1760,0
1761,0
1762,0
1763,1
1764,1
1765,0
1766,0
1767,0
1768,0
1769,1
1770,0
1771,0
1772,0
1773,1
1774,0
1775,0
1776,1
1777,0
1778,0
1779,0
1780,0
1781,1
1782,0
1783,1
1784,0
1785,0
1786,0
1787,1
1788,1
1789,1
1790,0
1791,0
1792,0
1793,0
1794,0
1795,0
1796,0
1797,0
1798,0
1799,0
1800,0
1801,1
1802,0
1803,1
1804,0
1805,0
1806,0
1807,0
1808,0
1809,0
1810,0
1811,1
1812,1
1813,0
1814,0
1815,1
1816,0
1817,0
1818,0
1819,0
1820,0
1821,0
1822,0
1823,0
1824,0
1825,1
1826,0
1827,1
1828,0
1829,0
1830,0
1831,1
1832,0
1833,1
1834,0
1835,0
1836,0
1837,0
1838,1
1839,0
1840,0
1841,0
1842,0
1843,0
1844,1
1845,0
1846,1
1847,0
1848,1
1849,1
1850,0
1851,0
1852,1
1853,1
1854,0
1855,0
1856,1
1857,0
1858,0
1859,1
1860,0
1861,0
1862,0
1863,0
1864,0
1865,0
1866,0
1867,0
1868,0
1869,0
1870,1
1871,0
1872,1
1873,1
1874,1
1875,0
1876,1
1877,0
1878,0
1879,0
1880,0
1881,1
1882,0
1883,0
1884,0
1885,1
1886,1
1887,0
1888,1
1889,1
1890,1
1891,1
1892,1
1893,0
1894,1
1895,0
1896,0
1897,1
1898,0
1899,1
1900,0
1901,0
1902,1
1903,0
1904,0
1905,0
1906,0
1907,0
1908,0
1909,0
1910,0
1911,0
1912,0
1913,0
1914,1
1915,0
1916,0
1917,0
1918,0
1919,1
1920,0
1921,0
1922,1
1923,0
1924,0
1925,0
1926,0
1927,1
1928,0
1929,1
1930,1
1931,1
1932,0
1933,0
1934,1
1935,0
1936,0
1937,0
1938,0
1939,0
1940,0
1941,0
1942,0
1943,0
1944,0
1945,1
1946,1
1947,1
1948,1
1949,0
1950,0
1951,0
1952,0
1953,0
1954,1
1955,1
1956,1
1957,0
1958,1
1959,1
1960,1
1961,1
1962,1
1963,0
1964,0
1965,1
1966,0
1967,0
1968,0
1969,1
1970,0
1971,0
1972,1
1973,0
1974,1
1975,0
1976,0
1977,1
1978,0
1979,0
1980,1
1981,0
1982,1
1983,0
1984,0
1985,0
1986,1
1987,0
1988,0
1989,0
1990,0
1991,1
1992,1
1993,0
1994,0
1995,1
1996,0
1997,1
1998,0
1999,0
2000,1
2001,0
2002,0
2003,0
2004,0
2005,1
2006,0
2007,0
2008,0
2009,0
2010,0
2011,0
2012,0
2013,1
2014,1
2015,0
2016,0
2017,1
2018,1
2019,1
2020,1
2021,1
2022,0
2023,0
2024,0
2025,0
2026,0
2027,0
2028,0
2029,0
2030,0
2031,0
2032,0
2033,0
2034,0
2035,0
2036,1
2037,1
2038,1
2039,0
2040,0
2041,1
2042,0
2043,0
2044,0
2045,0
2046,0
2047,0
2048,0
2049,1
2050,0
2051,0
2052,0
2053,0
2054,1
2055,0
2056,0
2057,0
2058,0
2059,0
2060,1
2061,0
2062,1
2063,0
2064,1
2065,1
2066,0
2067,0
2068,1
2069,1
2070,0
2071,0
2072,0
2073,0
2074,1
2075,1
2076,0
2077,0
2078,0
2079,0
2080,0
2081,0
2082,0
2083,1
2084,0
2085,0
2086,1
2087,0
2088,0
2089,0
2090,1
2091,1
2092,0
2093,0
2094,0
2095,1
2096,1
2097,1
2098,1
2099,0
2100,0
2101,0
2102,1
2103,0
2104,1
2105,0
2106,0
2107,0
2108,0
2109,0
2110,0
2111,1
2112,0
2113,1
2114,0
2115,0
2116,0
2117,1
2118,1
2119,1
2120,0
2121,0
2122,0
2123,1
2124,0
2125,1
2126,1
2127,1
2128,1
2129,0
2130,0
2131,1
2132,1
2133,0
2134,0
2135,0
2136,0
2137,0
2138,0
2139,1
2140,0
2141,1
2142,1
2143,1
2144,1
2145,0
2146,0
2147,1
2148,0
2149,0
2150,0
2151,0
2152,0
2153,0
2154,1
2155,1
2156,0
2157,1
2158,1
2159,1
2160,1
2161,0
2162,0
2163,1
2164,1
2165,1
2166,0
2167,1
2168,0
2169,1
2170,0
2171,0
2172,1
2173,1
2174,0
2175,0
2176,1
2177,0
2178,0
2179,1
2180,0
2181,1
2182,0
2183,1
2184,0
2185,0
2186,1
2187,0
2188,1
2189,0
2190,0
2191,0
2192,0
2193,0
2194,1
2195,0
2196,0
2197,0
2198,1
2199,0
2200,1
2201,1
2202,1
2203,0
2204,0
2205,1
2206,0
2207,0
2208,0
2209,0
2210,0
2211,1
2212,0
2213,0
2214,0
2215,0
2216,1
2217,0
2218,0
2219,1
2220,0
2221,0
2222,0
2223,0
2224,1
2225,0
2226,0
2227,1
2228,0
2229,1
2230,1
2231,1
2232,1
2233,0
2234,0
2235,1
2236,0
2237,0
2238,0
2239,0
2240,0
2241,0
2242,0
2243,0
2244,0
2245,0
2246,0
2247,1
2248,0
2249,0
2250,1
2251,1
2252,1
2253,0
2254,1
2255,0
2256,1
2257,0
2258,0
2259,0
2260,1
2261,1
2262,0
2263,0
2264,0
2265,0
2266,1
2267,0
2268,0
2269,1
2270,0
2271,0
2272,1
2273,0
2274,0
2275,0
2276,0
2277,1
2278,1
2279,0
2280,1
2281,1
2282,1
2283,1
2284,0
2285,0
2286,0
2287,0
2288,0
2289,1
2290,0
2291,0
2292,0
2293,0
2294,1
2295,0
2296,0
2297,1
2298,0
2299,0
2300,1
2301,0
2302,1
2303,0
2304,0
2305,0
2306,0
2307,1
2308,0
2309,1
2310,0
2311,0
2312,0
2313,1
2314,0
2315,0
2316,0
2317,0
2318,0
2319,1
2320,1
2321,0
2322,0
2323,1
2324,0
2325,0
2326,0
2327,0
2328,0
2329,0
2330,1
2331,0
2332,1
2333,0
2334,0
2335,0
2336,0
2337,1
2338,0
2339,0
2340,0
2341,0
2342,0
2343,1
2344,0
2345,1
2346,0
2347,0
2348,0
2349,1
2350,0
2351,0
2352,0
2353,0
2354,1
2355,1
2356,0
2357,1
2358,0
2359,0
2360,0
2361,0
2362,0
2363,0
2364,0
2365,0
2366,1
2367,0
2368,0
2369,1
2370,0
2371,0
2372,0
2373,1
2374,0
2375,0
2376,1
2377,0
2378,0
2379,1
2380,1
2381,1
2382,1
2383,0
2384,0
2385,0
2386,0
2387,0
2388,1
2389,0
2390,1
2391,0
2392,0
2393,0
2394,0
2395,1
2396,1
2397,0
2398,0
2399,0
2400,0
2401,1
2402,1
2403,1
2404,0
2405,1
2406,0
2407,1
2408,0
2409,0
2410,0
2411,1
2412,0
2413,1
2414,0
2415,0
2416,1
2417,0
2418,1
2419,0
2420,1
2421,0
2422,1
2423,1
2424,0
2425,0
2426,0
2427,0
2428,0
2429,1
2430,1
2431,1
2432,0
2433,0
2434,0
2435,0
2436,0
2437,0
2438,0
2439,0
2440,0
2441,0
2442,0
2443,0
2444,1
2445,1
2446,0
2447,0
2448,0
2449,0
2450,0
2451,0
2452,0
2453,0
2454,1
2455,1
2456,1
2457,0
2458,1
2459,1
2460,1
2461,1
2462,0
2463,0
2464,0
2465,0
2466,0
2467,0
2468,0
2469,0
2470,1
2471,0
2472,0
2473,1
2474,1
2475,0
2476,1
2477,1
2478,0
2479,0
2480,1
2481,0
2482,1
2483,0
2484,1
2485,0
2486,0
2487,1
2488,0
2489,0
2490,1
2491,0
2492,0
2493,0
2494,0
2495,0
2496,0
2497,1
2498,0
2499,1
2500,0
2501,0
2502,0
2503,1
2504,0
2505,0
2506,1
2507,0
2508,0
2509,0
2510,0
2511,0
2512,0
2513,0
2514,1
2515,1
2516,0
2517,1
2518,0
2519,0
2520,0
2521,0
2522,0
2523,0
2524,1
2525,1
2526,0
2527,1
2528,1
2529,0
2530,1
2531,0
2532,1
2533,0
2534,1
2535,1
2536,0
2537,0
2538,0
2539,0
2540,1
2541,0
2542,1
2543,1
2544,0
2545,0
2546,0
2547,0
2548,1
2549,0
2550,0
2551,0
2552,0
2553,1
2554,0
2555,0
2556,1
2557,0
2558,1
2559,1
2560,0
2561,0
2562,0
2563,1
2564,0
2565,0
2566,0
2567,0
2568,0
2569,0
2570,0
2571,0
2572,0
2573,0
2574,1
2575,0
2576,0
2577,0
2578,1
2579,0
2580,1
2581,0
2582,0
2583,0
2584,1
2585,0
2586,1
2587,0
2588,1
2589,0
2590,0
2591,1
2592,0
2593,0
2594,0
2595,1
2596,1
2597,1
2598,0
2599,0
2600,1
2601,0
2602,1
2603,0
2604,1
2605,0
2606,1
2607,0
2608,1
2609,0
2610,1
2611,0
2612,0
2613,0
2614,1
2615,1
2616,0
2617,1
2618,1
2619,0
2620,0
2621,0
2622,1
2623,0
2624,0
2625,0
2626,0
2627,0
2628,1
2629,0
2630,0
2631,1
2632,0
2633,0
2634,0
2635,0
2636,0
2637,0
2638,0
2639,0
2640,0
2641,1
2642,0
2643,0
2644,0
2645,0
2646,0
2647,0
2648,0
2649,0
2650,0
2651,1
2652,1
2653,1
2654,0
2655,0
2656,0
2657,0
2658,0
2659,0
2660,0
2661,0
2662,0
2663,0
2664,0
2665,1
2666,0
2667,1
2668,1
2669,0
2670,0
2671,1
2672,0
2673,1
2674,1
2675,0
2676,0
2677,0
2678,0
2679,1
2680,0
2681,0
2682,0
2683,0
2684,0
2685,0
2686,1
2687,0
2688,0
2689,0
2690,0
2691,1
2692,1
2693,0
2694,0
2695,0
2696,0
2697,0
2698,0
2699,0
2700,0
2701,0
2702,0
2703,0
2704,1
2705,0
2706,1
2707,0
2708,0
2709,0
2710,0
2711,0
2712,1
2713,0
2714,0
2715,0
2716,1
2717,0
2718,1
2719,0
2720,0
2721,0
2722,0
2723,1
2724,1
2725,1
2726,0
2727,0
2728,0
2729,1
2730,0
2731,0
2732,0
2733,0
2734,0
2735,0
2736,1
2737,1
2738,0
2739,0
2740,0
2741,1
2742,0
2743,1
2744,1
2745,0
2746,1
2747,0
2748,0
2749,0
2750,0
2751,0
2752,1
2753,0
2754,0
2755,0
2756,0
2757,0
2758,0
2759,0
2760,0
2761,0
2762,1
2763,0
2764,0
2765,0
2766,0
2767,1
2768,0
2769,0
2770,0
2771,0
2772,0
2773,0
2774,0
2775,1
2776,0
2777,1
2778,0
2779,0
2780,0
2781,0
2782,0
2783,0
2784,0
2785,1
2786,0
2787,0
2788,0
2789,0
2790,0
2791,0
2792,0
2793,0
2794,0
2795,1
2796,1
2797,0
2798,0
2799,1
2800,0
2801,0
2802,0
2803,0
2804,0
2805,0
2806,0
2807,0
2808,0
2809,0
2810,1
2811,1
2812,0
2813,0
2814,0
2815,0
2816,1
2817,1
2818,0
2819,0
2820,0
2821,0
2822,1
2823,0
2824,1
2825,1
2826,1
2827,0
2828,0
2829,0
2830,0
2831,0
2832,1
2833,0
2834,0
2835,0
2836,1
2837,0
2838,0
2839,1
2840,1
2841,1
2842,1
2843,1
2844,0
2845,0
2846,0
2847,0
2848,1
2849,0
2850,0
2851,1
2852,1
2853,0
2854,1
2855,0
2856,0
2857,0
2858,0
2859,0
2860,0
2861,0
2862,0
2863,0
2864,0
2865,1
2866,1
2867,0
2868,0
2869,0
2870,0
2871,0
2872,0
2873,0
2874,1
2875,0
2876,0
2877,0
2878,0
2879,1
2880,0
2881,0
2882,0
2883,0
2884,0
2885,1
2886,1
2887,0
2888,1
2889,0
2890,0
2891,0
2892,0
2893,0
2894,0
2895,0
2896,0
2897,1
2898,1
2899,1
2900,0
2901,1
2902,1
2903,0
2904,1
2905,0
2906,0
2907,0
2908,0
2909,1
2910,0
2911,1
2912,1
2913,0
2914,0
2915,1
2916,0
2917,0
2918,1
2919,1
2920,0
2921,0
2922,1
2923,0
2924,1
2925,0
2926,1
2927,0
2928,0
2929,1
2930,0
2931,0
2932,1
2933,0
2934,0
2935,0
2936,0
2937,1
2938,1
2939,0
2940,0
2941,1
2942,1
2943,0
2944,0
2945,1
2946,0
2947,0
2948,0
2949,0
2950,0
2951,0
2952,1
2953,1
2954,1
2955,0
2956,0
2957,1
2958,0
2959,0
2960,0
2961,0
2962,0
2963,0
2964,1
2965,0
2966,0
2967,0
2968,0
2969,0
2970,1
2971,0
2972,1
2973,0
2974,1
2975,0
2976,0
2977,0
2978,0
2979,0
2980,0
2981,1
2982,0
2983,0
2984,0
2985,1
2986,1
2987,0
2988,0
2989,1
2990,1
2991,0
2992,1
2993,1
2994,1
2995,1
2996,0
2997,1
2998,0
2999,0
3000,1
3001,0
3002,0
3003,1
3004,1
3005,0
3006,1
3007,1
3008,1
3009,1
3010,0
3011,0
3012,0
3013,0
3014,1
3015,0
3016,1
3017,0
3018,1
3019,0
3020,0
3021,0
3022,1
3023,0
3024,1
3025,0
3026,0
3027,0
3028,0
3029,1
3030,0
3031,0
3032,0
3033,1
3034,1
3035,1
3036,1
3037,0
3038,0
3039,0
3040,0
3041,0
3042,1
3043,0
3044,0
3045,1
3046,1
3047,1
3048,0
3049,1
3050,0
3051,0
3052,1
3053,1
3054,0
3055,0
3056,0
3057,1
3058,0
3059,1
3060,1
3061,0
3062,0
3063,0
3064,0
3065,0
3066,0
3067,1
3068,1
3069,0
3070,0
3071,0
3072,1
3073,0
3074,1
3075,1
3076,0
3077,0
3078,0
3079,0
3080,1
3081,0
3082,0
3083,0
3084,1
3085,1
3086,0
3087,0
3088,1
3089,1
3090,0
3091,1
3092,0
3093,1
3094,0
3095,1
3096,1
3097,0
3098,0
3099,0
3100,0
3101,0
3102,0
3103,1
3104,0
3105,0
3106,1
3107,0
3108,0
3109,0
3110,0
3111,0
3112,1
3113,0
3114,0
3115,0
3116,0
3117,1
3118,0
3119,0
3120,1
3121,0
3122,0
3123,1
3124,0
3125,0
3126,0
3127,0
3128,0
3129,0
3130,1
3131,1
3132,0
3133,1
3134,1
3135,0
3136,0
3137,1
3138,0
3139,1
3140,0
3141,0
3142,0
3143,1
3144,0
3145,0
3146,1
3147,0
3148,1
3149,0
3150,1
3151,1
3152,1
3153,1
3154,1
3155,1
3156,1
3157,0
3158,0
3159,1
3160,0
3161,0
3162,1
3163,0
3164,0
3165,0
3166,0
3167,1
3168,0
3169,1
3170,1
3171,1
3172,0
3173,0
3174,0
3175,1
3176,0
3177,0
3178,0
3179,1
3180,1
3181,1
3182,0
3183,0
3184,0
3185,0
3186,0
3187,1
3188,1
3189,0
3190,0
3191,1
3192,0
3193,0
3194,1
3195,0
3196,0
3197,1
3198,1
3199,0
3200,0
3201,0
3202,0
3203,0
3204,1
3205,1
3206,0
3207,1
3208,0
3209,0
3210,0
3211,0
3212,0
3213,0
3214,0
3215,0
3216,0
3217,0
3218,0
3219,1
3220,0
3221,0
3222,0
3223,0
3224,0
3225,0
3226,0
3227,1
3228,0
3229,0
3230,0
3231,1
3232,1
3233,1
3234,0
3235,0
3236,0
3237,0
3238,1
3239,0
3240,0
3241,1
3242,0
3243,1
3244,1
3245,0
3246,0
3247,1
3248,1
3249,1
3250,0
3251,0
3252,0
3253,0
3254,0
3255,0
3256,1
3257,0
3258,1
3259,1
3260,1
3261,0
3262,0
3263,0
3264,0
3265,0
3266,0
3267,0
3268,0
3269,1
3270,1
3271,0
3272,1
3273,0
3274,0
3275,0
3276,0
3277,0
3278,0
3279,1
3280,1
3281,1
3282,0
3283,0
3284,0
3285,0
3286,1
3287,0
3288,1
3289,1
3290,0
3291,1
3292,1
3293,0
3294,1
3295,0
3296,0
3297,0
3298,0
3299,0
3300,0
3301,0
3302,0
3303,0
3304,1
3305,0
3306,0
3307,1
3308,0
3309,0
3310,1
3311,1
3312,1
3313,1
3314,0
3315,0
3316,0
3317,0
3318,0
3319,1
3320,0
3321,0
3322,0
3323,0
3324,0
3325,0
3326,1
3327,1
3328,0
3329,1
3330,0
3331,0
3332,0
3333,1
3334,1
3335,0
3336,1
3337,0
3338,0
3339,1
3340,0
3341,1
3342,0
3343,0
3344,1
3345,1
3346,0
3347,0
3348,0
3349,0
3350,0
3351,0
3352,0
3353,0
3354,1
3355,0
3356,0
3357,0
3358,0
3359,0
3360,0
3361,0
3362,0
3363,1
3364,0
3365,0
3366,0
3367,0
3368,0
3369,0
3370,0
3371,0
3372,0
3373,0
3374,0
3375,0
3376,0
3377,1
3378,1
3379,0
3380,0
3381,0
3382,0
3383,0
3384,1
3385,1
3386,1
3387,0
3388,1
3389,0
3390,1
3391,0
3392,1
3393,0
3394,0
3395,1
3396,0
3397,0
3398,1
3399,1
3400,0
3401,1
3402,0
3403,0
3404,0
3405,0
3406,1
3407,0
3408,0
3409,1
3410,0
3411,0
3412,1
3413,0
3414,0
3415,1
3416,0
3417,0
3418,1
3419,0
3420,0
3421,0
3422,1
3423,0
3424,0
3425,1
3426,1
3427,1
3428,0
3429,1
3430,0
3431,1
3432,1
3433,0
3434,1
3435,1
3436,1
3437,0
3438,0
3439,0
3440,0
3441,1
3442,0
3443,0
3444,0
3445,1
3446,0
3447,0
3448,0
3449,0
3450,0
3451,0
3452,0
3453,0
3454,0
3455,0
3456,0
3457,0
3458,0
3459,1
3460,0
3461,0
3462,1
3463,0
3464,0
3465,0
3466,0
3467,0
3468,1
3469,1
3470,1
3471,0
3472,0
3473,0
3474,0
3475,0
3476,0
3477,1
3478,0
3479,0
3480,1
3481,0
3482,0
3483,0
3484,1
3485,0
3486,0
3487,0
3488,0
3489,0
3490,0
3491,1
3492,0
3493,1
3494,0
3495,0
3496,0
3497,1
3498,0
3499,0
3500,0
3501,1
3502,1
3503,1
3504,1
3505,0
3506,0
3507,0
3508,0
3509,0
3510,1
3511,0
3512,0
3513,0
3514,1
3515,0
3516,0
3517,1
3518,0
3519,0
3520,1
3521,0
3522,1
3523,0
3524,1
3525,0
3526,1
3527,0
3528,0
3529,0
3530,0
3531,1
3532,1
3533,0
3534,1
3535,0
3536,0
3537,0
3538,0
3539,0
3540,0
3541,0
3542,0
3543,0
3544,0
3545,1
3546,0
3547,0
3548,0
3549,1
3550,0
3551,0
3552,0
3553,1
3554,1
3555,0
3556,0
3557,0
3558,1
3559,1
3560,0
3561,0
3562,1
3563,0
3564,0
3565,0
3566,0
3567,0
3568,0
3569,0
3570,0
3571,0
3572,1
3573,0
3574,0
3575,1
3576,0
3577,1
3578,0
3579,1
3580,1
3581,0
3582,1
3583,1
3584,1
3585,0
3586,1
3587,1
3588,1
3589,1
3590,1
3591,1
3592,1
3593,0
3594,0
3595,0
3596,1
3597,0
3598,0
3599,0
3600,0
3601,1
3602,0
3603,0
3604,0
3605,0
3606,0
3607,0
3608,1
3609,0
3610,0
3611,0
3612,0
3613,0
3614,0
3615,0
3616,0
3617,0
3618,0
3619,0
3620,0
3621,0
3622,0
3623,1
3624,0
3625,1
3626,0
3627,1
3628,0
3629,1
3630,0
3631,1
3632,0
3633,1
3634,0
3635,1
3636,0
3637,1
3638,0
3639,0
3640,0
3641,0
3642,0
3643,1
3644,1
3645,0
3646,0
3647,0
3648,0
3649,0
3650,0
3651,1
3652,0
3653,0
3654,1
3655,0
3656,0
3657,1
3658,0
3659,1
3660,1
3661,1
3662,1
3663,0
3664,0
3665,0
3666,0
3667,1
3668,0
3669,0
3670,0
3671,1
3672,1
3673,0
3674,0
3675,0
3676,1
3677,0
3678,0
3679,1
3680,0
3681,0
3682,0
3683,0
3684,0
3685,1
3686,0
3687,0
3688,1
3689,0
3690,0
3691,0
3692,1
3693,1
3694,0
3695,0
3696,0
3697,0
3698,0
3699,1
3700,1
3701,1
3702,1
3703,0
3704,0
3705,1
3706,0
3707,0
3708,0
3709,0
3710,0
3711,0
3712,1
3713,1
3714,0
3715,0
3716,0
3717,0
3718,0
3719,1
3720,0
3721,0
3722,0
3723,1
3724,0
3725,0
3726,1
3727,1
3728,0
3729,1
3730,0
3731,1
3732,1
3733,0
3734,0
3735,0
3736,0
3737,1
3738,0
3739,1
3740,1
3741,1
3742,1
3743,0
3744,1
3745,0
3746,0
3747,0
3748,0
3749,0
3750,1
3751,1
3752,0
3753,0
3754,1
3755,0
3756,1
3757,0
3758,0
3759,0
3760,0
3761,1
3762,0
3763,1
3764,0
3765,0
3766,0
3767,0
3768,0
3769,1
3770,0
3771,0
3772,1
3773,0
3774,0
3775,0
3776,0
3777,0
3778,1
3779,0
3780,0
3781,0
3782,1
3783,0
3784,1
3785,0
3786,1
3787,0
3788,0
3789,0
3790,1
3791,0
3792,0
3793,0
3794,0
3795,0
3796,1
3797,1
3798,0
3799,0
3800,0
3801,1
3802,0
3803,0
3804,1
3805,0
3806,1
3807,1
3808,0
3809,1
3810,0
3811,0
3812,0
3813,0
3814,1
3815,1
3816,1
3817,0
3818,0
3819,0
3820,0
3821,1
3822,1
3823,0
3824,1
3825,1
3826,0
3827,1
3828,1
3829,0
3830,0
3831,1
3832,0
3833,0
3834,1
3835,0
3836,1
3837,0
3838,0
3839,1
3840,1
3841,0
3842,0
3843,0
3844,0
3845,0
3846,1
3847,0
3848,0
3849,1
3850,0
3851,1
3852,0
3853,0
3854,0
3855,0
3856,1
3857,1
3858,0
3859,0
3860,0
3861,1
3862,0
3863,1
3864,0
3865,1
3866,0
3867,0
3868,1
3869,0
3870,0
3871,0
3872,1
3873,0
3874,1
3875,0
3876,0
3877,0
3878,0
3879,0
3880,0
3881,1
3882,0
3883,0
3884,0
3885,0
3886,0
3887,0
3888,0
3889,0
3890,1
3891,1
3892,0
3893,0
3894,0
3895,1
3896,1
3897,1
3898,1
3899,1
3900,0
3901,0
3902,0
3903,1
3904,0
3905,0
3906,0
3907,0
3908,1
3909,1
3910,0
3911,0
3912,0
3913,0
3914,1
3915,0
3916,0
3917,0
3918,0
3919,0
3920,0
3921,0
3922,1
3923,1
3924,1
3925,0
3926,1
3927,0
3928,1
3929,1
3930,0
3931,0
3932,0
3933,0
3934,0
3935,0
3936,0
3937,0
3938,0
3939,0
3940,0
3941,1
3942,0
3943,0
3944,0
3945,0
3946,0
3947,0
3948,1
3949,0
3950,1
3951,0
3952,0
3953,1
3954,1
3955,0
3956,0
3957,1
3958,0
3959,1
3960,0
3961,0
3962,0
3963,0
3964,1
3965,0
3966,0
3967,0
3968,1
3969,0
3970,0
3971,0
3972,0
3973,1
3974,1
3975,0
3976,0
3977,0
3978,0
3979,1
3980,0
3981,1
3982,0
3983,0
3984,1
3985,1
3986,0
3987,0
3988,0
3989,0
3990,0
3991,0
3992,0
3993,0
3994,1
3995,0
3996,1
3997,0
3998,0
3999,0
4000,0
4001,0
4002,0
4003,0
4004,1
4005,0
4006,0
4007,0
4008,0
4009,1
4010,0
4011,1
4012,0
4013,1
4014,1
4015,1
4016,0
4017,0
4018,0
4019,1
4020,1
4021,0
4022,0
4023,0
4024,1
4025,0
4026,0
4027,0
4028,1
4029,0
4030,1
4031,1
4032,0
4033,1
4034,0
4035,0
4036,0
4037,0
4038,1
4039,0
4040,0
4041,0
4042,0
4043,1
4044,1
4045,0
4046,1
4047,1
4048,1
4049,1
4050,1
4051,1
4052,0
4053,0
4054,0
4055,0
4056,1
4057,0
4058,1
4059,0
4060,1
4061,0
4062,0
4063,0
4064,0
4065,0
4066,0
4067,0
4068,1
4069,0
4070,0
4071,0
4072,1
4073,0
4074,1
4075,0
4076,0
4077,0
4078,0
4079,1
4080,0
4081,0
4082,1
4083,1
4084,0
4085,0
4086,0
4087,0
4088,0
4089,0
4090,0
4091,1
4092,0
4093,0
4094,0
4095,0
4096,1
4097,1
4098,0
4099,1
4100,0
4101,1
4102,0
4103,1
4104,1
4105,0
4106,0
4107,0
4108,0
4109,0
4110,0
4111,1
4112,0
4113,1
4114,0
4115,1
4116,0
4117,0
4118,0
4119,1
4120,0
4121,1
4122,1
4123,0
4124,1
4125,0
4126,0
4127,0
4128,0
4129,0
4130,1
4131,0
4132,0
4133,0
4134,1
4135,0
4136,0
4137,1
4138,1
4139,0
4140,0
4141,0
4142,0
4143,0
4144,0
4145,0
4146,0
4147,0
4148,0
4149,0
4150,1
4151,0
4152,0
4153,1
4154,0
4155,0
4156,0
4157,1
4158,0
4159,0
4160,1
4161,0
4162,0
4163,1
4164,0
4165,0
4166,0
4167,0
4168,0
4169,0
4170,0
4171,0
4172,0
4173,0
4174,1
4175,1
4176,0
4177,0
4178,0
4179,0
4180,0
4181,0
4182,0
4183,0
4184,1
4185,0
4186,1
4187,1
4188,1
4189,1
4190,0
4191,1
4192,1
4193,1
4194,1
4195,1
4196,0
4197,0
4198,1
4199,0
4200,0
4201,0
4202,0
4203,0
4204,1
4205,1
4206,0
4207,1
4208,0
4209,0
4210,1
4211,0
4212,0
4213,1
4214,1
4215,0
4216,0
4217,1
4218,0
4219,0
4220,1
4221,0
4222,0
4223,1
4224,0
4225,0
4226,1
4227,0
4228,1
4229,0
4230,1
4231,0
4232,1
4233,1
4234,0
4235,1
4236,0
4237,0
4238,0
4239,0
4240,1
4241,0
4242,0
4243,0
4244,0
4245,0
4246,0
4247,0
4248,0
4249,1
4250,0
4251,1
4252,0
4253,1
4254,1
4255,0
4256,0
4257,0
4258,1
4259,0
4260,0
4261,0
4262,1
4263,1
4264,0
4265,0
4266,0
4267,1
4268,1
4269,0
4270,0
4271,1
4272,0
4273,1
4274,0
4275,0
4276,0
4277,0
4278,1
4279,1
4280,0
4281,0
4282,0
4283,1
4284,1
4285,0
4286,1
4287,0
4288,0
4289,0
4290,0
4291,0
4292,0
4293,1
4294,0
4295,1
4296,1
4297,0
4298,0
4299,0
4300,1
4301,0
4302,0
4303,0
4304,0
4305,0
4306,1
4307,1
4308,0
4309,0
4310,0
4311,0
4312,0
4313,0
4314,0
4315,1
4316,1
4317,1
4318,0
4319,0
4320,1
4321,0
4322,0
4323,0
4324,1
4325,0
4326,0
4327,0
4328,0
4329,0
4330,0
4331,1
4332,0
4333,0
4334,1
4335,0
4336,0
4337,1
4338,0
4339,0
4340,0
4341,0
4342,0
4343,0
4344,0
4345,1
4346,0
4347,0
4348,0
4349,0
4350,0
4351,0
4352,0
4353,0
4354,1
4355,0
4356,0
4357,1
4358,0
4359,1
4360,0
4361,0
4362,0
4363,1
4364,1
4365,1
4366,0
4367,1
4368,0
4369,0
4370,1
4371,0
4372,0
4373,0
4374,0
4375,0
4376,1
4377,0
4378,1
4379,0
4380,1
4381,0
4382,0
4383,1
4384,0
4385,0
4386,0
4387,0
4388,1
4389,1
4390,0
4391,0
4392,0
4393,0
4394,0
4395,0
4396,1
4397,1
4398,1
4399,0
4400,1
4401,1
4402,0
4403,0
4404,1
4405,1
4406,0
4407,0
4408,1
4409,0
4410,0
4411,0
4412,1
4413,1
4414,0
4415,0
4416,1
4417,0
4418,0
4419,0
4420,0
4421,0
4422,0
4423,1
4424,0
4425,0
4426,0
4427,1
4428,0
4429,0
4430,0
4431,0
4432,0
4433,1
4434,0
4435,0
4436,0
4437,0
4438,0
4439,1
4440,0
4441,0
4442,0
4443,1
4444,1
4445,0
4446,0
4447,0
4448,1
4449,0
4450,1
4451,0
4452,0
4453,0
4454,1
4455,0
4456,1
4457,0
4458,0
4459,1
4460,0
4461,0
4462,0
4463,0
4464,0
4465,1
4466,1
4467,0
4468,0
4469,0
4470,1
4471,0
4472,0
4473,0
4474,0
4475,0
4476,0
4477,1
4478,1
4479,1
4480,0
4481,0
4482,0
4483,0
4484,1
4485,0
4486,0
4487,0
4488,1
4489,0
4490,0
4491,1
4492,0
4493,1
4494,0
4495,0
4496,1
4497,0
4498,0
4499,1
4500,0
4501,0
4502,0
4503,1
4504,0
4505,0
4506,0
4507,1
4508,0
4509,0
4510,1
4511,0
4512,1
4513,1
4514,0
4515,1
4516,1
4517,0
4518,0
4519,1
4520,1
4521,1
4522,0
4523,0
4524,0
4525,0
4526,0
4527,0
4528,1
4529,0
4530,0
4531,1
4532,1
4533,0
4534,0
4535,1
4536,0
4537,0
4538,1
4539,1
4540,0
4541,1
4542,1
4543,0
4544,0
4545,0
4546,0
4547,0
4548,0
4549,0
4550,0
4551,0
4552,1
4553,0
4554,0
4555,1
4556,1
4557,0
4558,1
4559,0
4560,0
4561,0
4562,0
4563,1
4564,0
4565,0
4566,1
4567,0
4568,0
4569,0
4570,1
4571,0
4572,0
4573,0
4574,0
4575,0
4576,1
4577,1
4578,0
4579,0
4580,1
4581,0
4582,0
4583,1
4584,1
4585,0
4586,0
4587,0
4588,0
4589,1
4590,0
4591,0
4592,0
4593,0
4594,1
4595,1
4596,1
4597,0
4598,1
4599,0
4600,1
4601,0
4602,1
4603,0
4604,0
4605,0
4606,0
4607,1
4608,0
4609,0
4610,0
4611,1
4612,0
4613,0
4614,0
4615,0
4616,0
4617,1
4618,1
4619,0
4620,0
4621,0
4622,1
4623,0
4624,1
4625,0
4626,1
4627,0
4628,1
4629,0
4630,0
4631,0
4632,0
4633,0
4634,0
4635,0
4636,0
4637,1
4638,0
4639,1
4640,0
4641,1
4642,1
4643,0
4644,0
4645,0
4646,0
4647,0
4648,1
4649,0
4650,0
4651,0
4652,1
4653,0
4654,0
4655,1
4656,1
4657,1
4658,0
4659,0
4660,0
4661,0
4662,1
4663,0
4664,0
4665,0
4666,0
4667,1
4668,0
4669,0
4670,0
4671,0
4672,0
4673,0
4674,0
4675,0
4676,0
4677,1
4678,0
4679,0
4680,1
4681,1
4682,0
4683,0
4684,0
4685,0
4686,0
4687,0
4688,0
4689,0
4690,0
4691,0
4692,0
4693,1
4694,0
4695,1
4696,0
4697,1
4698,0
4699,1
4700,1
4701,1
4702,0
4703,1
4704,0
4705,0
4706,1
4707,1
4708,1
4709,0
4710,1
4711,0
4712,1
4713,1
4714,1
4715,0
4716,0
4717,0
4718,1
4719,1
4720,0
4721,0
4722,0
4723,0
4724,0
4725,1
4726,1
4727,1
4728,0
4729,1
4730,1
4731,1
4732,0
4733,1
4734,1
4735,0
4736,1
4737,0
4738,0
4739,1
4740,1
4741,1
4742,0
4743,1
4744,0
4745,0
4746,1
4747,1
4748,0
4749,0
4750,0
4751,1
4752,0
4753,0
4754,0
4755,0
4756,1
4757,0
4758,1
4759,0
4760,0
4761,0
4762,0
4763,0
4764,0
4765,0
4766,0
4767,0
4768,1
4769,0
4770,0
4771,1
4772,0
4773,1
4774,0
4775,1
4776,0
4777,0
4778,0
4779,0
4780,0
4781,0
4782,0
4783,0
4784,0
4785,0
4786,0
4787,1
4788,0
4789,0
4790,0
4791,0
4792,0
4793,1
4794,1
4795,1
4796,1
4797,0
4798,0
4799,0
4800,0
4801,0
4802,0
4803,0
4804,0
4805,0
4806,0
4807,1
4808,1
4809,1
4810,0
4811,1
4812,1
4813,1
4814,1
4815,0
4816,0
4817,1
4818,0
4819,0
4820,0
4821,0
4822,0
4823,0
4824,0
4825,1
4826,1
4827,1
4828,1
4829,0
4830,0
4831,0
4832,1
4833,0
4834,0
4835,0
4836,0
4837,0
4838,0
4839,1
4840,0
4841,1
4842,0
4843,0
4844,1
4845,0
4846,1
4847,0
4848,0
4849,1
4850,1
4851,0
4852,0
4853,0
4854,1
4855,0
4856,0
4857,0
4858,0
4859,0
4860,0
4861,0
4862,0
4863,0
4864,0
4865,1
4866,0
4867,1
4868,1
4869,0
4870,0
4871,0
4872,0
4873,0
4874,0
4875,0
4876,1
4877,0
4878,0
4879,0
4880,1
4881,0
4882,0
4883,0
4884,0
4885,1
4886,1
4887,0
4888,0
4889,1
4890,0
4891,0
4892,0
4893,0
4894,1
4895,0
4896,0
4897,0
4898,1
4899,0
4900,0
4901,0
4902,0
4903,0
4904,0
4905,0
4906,1
4907,1
4908,0
4909,1
4910,0
4911,0
4912,0
4913,1
4914,0
4915,0
4916,0
4917,1
4918,1
4919,1
4920,1
4921,0
4922,0
4923,0
4924,1
4925,0
4926,1
4927,0
4928,0
4929,1
4930,0
4931,1
4932,1
4933,0
4934,0
4935,0
4936,1
4937,1
4938,0
4939,0
4940,0
4941,0
4942,0
4943,1
4944,1
4945,1
4946,0
4947,0
4948,0
4949,1
4950,1
4951,0
4952,1
4953,0
4954,0
4955,0
4956,0
4957,0
4958,0
4959,1
4960,0
4961,0
4962,1
4963,0
4964,0
4965,1
4966,0
4967,0
4968,0
4969,1
4970,0
4971,0
4972,0
4973,1
4974,0
4975,1
4976,1
4977,0
4978,1
4979,0
4980,0
4981,1
4982,0
4983,1
4984,0
4985,0
4986,0
4987,0
4988,1
4989,1
4990,1
4991,0
4992,1
4993,0
4994,0
4995,0
4996,0
4997,0
4998,0
4999,0
5000,0
5001,0
5002,0
5003,1
5004,0
5005,0
5006,1
5007,0
5008,1
5009,0
5010,0
5011,0
5012,0
5013,0
5014,0
5015,0
5016,1
5017,0
5018,1
5019,0
5020,1
5021,0
5022,0
5023,0
5024,0
5025,1
5026,1
5027,0
5028,0
5029,1
5030,0
5031,1
5032,0
5033,0
5034,1
5035,1
5036,1
5037,0
5038,0
5039,0
5040,0
5041,0
5042,0
5043,0
5044,0
5045,0
5046,0
5047,1
5048,0
5049,0
5050,0
5051,0
5052,0
5053,0
5054,0
5055,1
5056,0
5057,1
5058,0
5059,0
5060,0
5061,0
5062,0
5063,1
5064,1
5065,1
5066,0
5067,0
5068,0
5069,1
5070,1
5071,1
5072,0
5073,0
5074,1
5075,0
5076,1
5077,0
5078,1
5079,0
5080,0
5081,1
5082,0
5083,1
5084,0
5085,0
5086,0
5087,1
5088,0
5089,1
5090,0
5091,0
5092,1
5093,1
5094,1
5095,1
5096,1
5097,0
5098,0
5099,0
5100,1
5101,0
5102,0
5103,0
5104,1
5105,0
5106,0
5107,0
5108,1
5109,1
5110,1
5111,1
5112,0
5113,1
5114,1
5115,0
5116,0
5117,0
5118,0
5119,0
5120,0
5121,1
5122,0
5123,0
5124,0
5125,1
5126,0
5127,0
5128,0
5129,0
5130,1
5131,0
5132,0
5133,0
5134,0
5135,0
5136,0
5137,0
5138,0
5139,0
5140,0
5141,0
5142,0
5143,0
5144,0
5145,1
5146,0
5147,1
5148,0
5149,0
5150,0
5151,0
5152,0
5153,0
5154,1
5155,0
5156,0
5157,0
5158,0
5159,0
5160,0
5161,0
5162,0
5163,0
5164,0
5165,0
5166,1
5167,0
5168,0
5169,1
5170,0
5171,0
5172,1
5173,1
5174,0
5175,1
5176,1
5177,0
5178,0
5179,1
5180,0
5181,1
5182,1
5183,0
5184,0
5185,1
5186,0
5187,0
5188,0
5189,1
5190,0
5191,0
5192,1
5193,0
5194,0
5195,1
5196,0
5197,0
5198,0
5199,0
5200,0
5201,0
5202,1
5203,1
5204,0
5205,1
5206,1
5207,0
5208,0
5209,0
5210,0
5211,0
5212,1
5213,1
5214,0
5215,0
5216,1
5217,0
5218,1
5219,0
5220,1
5221,1
5222,0
5223,0
5224,1
5225,1
5226,1
5227,0
5228,0
5229,0
5230,0
5231,1
5232,1
5233,0
5234,1
5235,0
5236,0
5237,1
5238,0
5239,0
5240,0
5241,1
5242,0
5243,0
5244,0
5245,0
5246,0
5247,0
5248,0
5249,0
5250,0
5251,0
5252,0
5253,0
5254,1
5255,0
5256,0
5257,1
5258,0
5259,0
5260,0
5261,0
5262,0
5263,1
5264,1
5265,1
5266,0
5267,1
5268,1
5269,0
5270,0
5271,0
5272,0
5273,0
5274,1
5275,1
5276,0
5277,1
5278,1
5279,0
5280,0
5281,0
5282,0
5283,1
5284,0
5285,1
5286,1
5287,1
5288,1
5289,0
5290,0
5291,0
5292,1
5293,0
5294,0
5295,1
5296,0
5297,0
5298,0
5299,0
5300,0
5301,1
5302,0
5303,0
5304,0
5305,0
5306,1
5307,0
5308,1
5309,0
5310,0
5311,0
5312,1
5313,0
5314,0
5315,0
5316,1
5317,0
5318,0
5319,0
5320,0
5321,0
5322,1
5323,0
5324,1
5325,0
5326,0
5327,0
5328,0
5329,0
5330,0
5331,1
5332,0
5333,0
5334,0
5335,0
5336,1
5337,1
5338,0
5339,0
5340,1
5341,0
5342,1
5343,0
5344,0
5345,1
5346,1
5347,1
5348,1
5349,1
5350,0
5351,1
5352,1
5353,0
5354,1
5355,1
5356,0
5357,0
5358,0
5359,0
5360,0
5361,0
5362,0
5363,1
5364,0
5365,0
5366,0
5367,0
5368,0
5369,0
5370,0
5371,0
5372,0
5373,1
5374,0
5375,0
5376,0
5377,0
5378,0
5379,1
5380,1
5381,0
5382,0
5383,0
5384,1
5385,0
5386,0
5387,0
5388,0
5389,0
5390,1
5391,1
5392,0
5393,0
5394,1
5395,0
5396,0
5397,0
5398,0
5399,1
5400,0
5401,0
5402,1
5403,0
5404,0
5405,0
5406,0
5407,0
5408,1
5409,0
5410,0
5411,0
5412,0
5413,0
5414,0
5415,0
5416,0
5417,0
5418,0
5419,0
5420,0
5421,0
5422,1
5423,1
5424,0
5425,0
5426,0
5427,1
5428,0
5429,0
5430,1
5431,0
5432,0
5433,0
5434,1
5435,1
5436,1
5437,0
5438,1
5439,0
5440,1
5441,0
5442,0
5443,1
5444,0
5445,1
5446,0
5447,1
5448,0
5449,1
5450,1
5451,0
5452,1
5453,0
5454,0
5455,1
5456,1
5457,1
5458,0
5459,1
5460,1
5461,0
5462,1
5463,0
5464,0
5465,0
5466,0
5467,0
5468,0
5469,1
5470,0
5471,0
5472,0
5473,1
5474,0
5475,1
5476,0
5477,0
5478,0
5479,0
5480,0
5481,1
5482,0
5483,1
5484,1
5485,1
5486,0
5487,0
5488,0
5489,0
5490,1
5491,1
5492,0
5493,1
5494,1
5495,0
5496,1
5497,0
5498,1
5499,0
5500,0
5501,0
5502,0
5503,0
5504,0
5505,0
5506,0
5507,0
5508,0
5509,0
5510,0
5511,0
5512,0
5513,1
5514,1
5515,1
5516,0
5517,0
5518,1
5519,1
5520,0
5521,0
5522,0
5523,0
5524,0
5525,0
5526,0
5527,1
5528,0
5529,0
5530,0
5531,1
5532,1
5533,0
5534,0
5535,0
5536,0
5537,1
5538,1
5539,1
5540,0
5541,0
5542,0
5543,1
5544,1
5545,0
5546,1
5547,0
5548,0
5549,0
5550,0
5551,0
5552,0
5553,0
5554,0
5555,0
5556,1
5557,1
5558,0
5559,0
5560,0
5561,0
5562,0
5563,1
5564,0
5565,1
5566,0
5567,1
5568,0
5569,1
5570,0
5571,0
5572,1
5573,0
5574,1
5575,0
5576,0
5577,0
5578,0
5579,0
5580,0
5581,0
5582,0
5583,0
5584,0
5585,0
5586,1
5587,0
5588,1
5589,0
5590,0
5591,0
5592,0
5593,0
5594,0
5595,0
5596,1
5597,0
5598,0
5599,1
5600,0
5601,0
5602,0
5603,0
5604,0
5605,0
5606,0
5607,0
5608,0
5609,0
5610,1
5611,0
5612,0
5613,0
5614,1
5615,0
5616,1
5617,1
5618,0
5619,0
5620,0
5621,0
5622,0
5623,0
5624,1
5625,0
5626,0
5627,0
5628,1
5629,0
5630,0
5631,1
5632,0
5633,0
5634,1
5635,0
5636,1
5637,0
5638,1
5639,0
5640,0
5641,0
5642,1
5643,1
5644,1
5645,0
5646,0
5647,0
5648,0
5649,1
5650,1
5651,1
5652,0
5653,0
5654,1
5655,0
5656,0
5657,0
5658,0
5659,0
5660,1
5661,0
5662,0
5663,0
5664,0
5665,0
5666,1
5667,0
5668,0
5669,0
5670,0
5671,0
5672,0
5673,1
5674,0
5675,0
5676,0
5677,0
5678,1
5679,0
5680,1
5681,1
5682,0
5683,0
5684,1
5685,1
5686,0
5687,0
5688,0
5689,1
5690,1
5691,0
5692,1
5693,0
5694,0
5695,0
5696,0
5697,1
5698,0
5699,1
5700,0
5701,0
5702,0
5703,1
5704,0
5705,1
5706,1
5707,0
5708,0
5709,0
5710,1
5711,0
5712,0
5713,0
5714,1
5715,0
5716,0
5717,1
5718,0
5719,0
5720,0
5721,0
5722,0
5723,0
5724,1
5725,0
5726,0
5727,0
5728,0
5729,1
5730,0
5731,1
5732,0
5733,0
5734,0
5735,1
5736,0
5737,1
5738,0
5739,0
5740,0
5741,0
5742,0
5743,0
5744,0
5745,1
5746,0
5747,0
5748,1
5749,0
5750,1
5751,0
5752,0
5753,0
5754,0
5755,0
5756,1
5757,0
5758,1
5759,0
5760,1
5761,0
5762,0
5763,0
5764,0
5765,0
5766,0
5767,1
5768,0
5769,0
5770,0
5771,0
5772,0
5773,0
5774,1
5775,1
5776,1
5777,0
5778,0
5779,0
5780,0
5781,1
5782,1
5783,0
5784,1
5785,0
5786,0
5787,0
5788,0
5789,0
5790,0
5791,1
5792,0
5793,1
5794,0
5795,0
5796,0
5797,1
5798,1
5799,0
5800,0
5801,0
5802,0
5803,0
5804,0
5805,1
5806,0
5807,1
5808,0
5809,0
5810,1
5811,1
5812,0
5813,0
5814,1
5815,1
5816,0
5817,0
5818,0
5819,0
5820,1
5821,0
5822,0
5823,0
5824,0
5825,0
5826,1
5827,1
5828,0
5829,1
5830,0
5831,0
5832,0
5833,0
5834,0
5835,0
5836,0
5837,1
5838,1
5839,1
5840,1
5841,0
5842,0
5843,1
5844,0
5845,0
5846,0
5847,1
5848,1
5849,0
5850,0
5851,0
5852,1
5853,0
5854,0
5855,0
5856,0
5857,0
5858,1
5859,1
5860,1
5861,0
5862,0
5863,1
5864,0
5865,1
5866,0
5867,0
5868,0
5869,0
5870,0
5871,1
5872,0
5873,0
5874,1
5875,0
5876,0
5877,1
5878,0
5879,0
5880,0
5881,0
5882,0
5883,0
5884,0
5885,0
5886,0
5887,0
5888,0
5889,0
5890,0
5891,0
5892,0
5893,0
5894,1
5895,0
5896,0
5897,0
5898,0
5899,1
5900,0
5901,0
5902,0
5903,0
5904,1
5905,0
5906,0
5907,0
5908,0
5909,1
5910,0
5911,1
5912,0
5913,0
5914,0
5915,0
5916,0
5917,0
5918,0
5919,0
5920,0
5921,0
5922,0
5923,0
5924,0
5925,0
5926,0
5927,0
5928,1
5929,0
5930,1
5931,1
5932,0
5933,0
5934,1
5935,1
5936,0
5937,0
5938,0
5939,0
5940,1
5941,0
5942,0
5943,0
5944,0
5945,1
5946,0
5947,0
5948,0
5949,1
5950,0
5951,0
5952,0
5953,0
5954,0
5955,0
5956,0
5957,0
5958,0
5959,1
5960,1
5961,1
5962,0
5963,0
5964,0
5965,1
5966,0
5967,0
5968,0
5969,0
5970,0
5971,0
5972,0
5973,0
5974,0
5975,0
5976,1
5977,0
5978,1
5979,0
5980,0
5981,0
5982,0
5983,1
5984,0
5985,0
5986,1
5987,0
5988,1
5989,1
5990,0
5991,1
5992,0
5993,1
5994,0
5995,0
5996,0
5997,0
5998,0
5999,1
6000,0
6001,0
6002,0
6003,0
6004,0
6005,0
6006,1
6007,0
6008,0
6009,1
6010,1
6011,1
6012,0
6013,1
6014,0
6015,0
6016,1
6017,1
6018,1
6019,0
6020,0
6021,0
6022,0
6023,0
6024,1
6025,1
6026,0
6027,0
6028,0
6029,0
6030,0
6031,1
6032,0
6033,0
6034,0
6035,0
6036,1
6037,1
6038,0
6039,1
6040,0
6041,0
6042,1
6043,1
6044,0
6045,1
6046,0
6047,1
6048,1
6049,0
6050,1
6051,0
6052,1
6053,1
6054,0
6055,1
6056,0
6057,0
6058,0
6059,1
6060,0
6061,0
6062,0
6063,1
6064,0
6065,0
6066,0
6067,0
6068,0
6069,0
6070,1
6071,0
6072,0
6073,0
6074,1
6075,1
6076,1
6077,0
6078,0
6079,0
6080,0
6081,0
6082,1
6083,0
6084,1
6085,1
6086,0
6087,0
6088,0
6089,0
6090,1
6091,0
6092,1
6093,0
6094,1
6095,0
6096,1
6097,0
6098,1
6099,0
6100,0
6101,1
6102,0
6103,0
6104,0
6105,0
6106,0
6107,1
6108,0
6109,0
6110,1
6111,0
6112,0
6113,0
6114,1
6115,0
6116,0
6117,0
6118,0
6119,0
6120,1
6121,0
6122,1
6123,0
6124,0
6125,1
6126,0
6127,0
6128,1
6129,0
6130,0
6131,1
6132,0
6133,0
6134,1
6135,1
6136,1
6137,0
6138,0
6139,1
6140,0
6141,1
6142,0
6143,0
6144,0
6145,1
6146,0
6147,0
6148,0
6149,1
6150,1
6151,1
6152,0
6153,0
6154,0
6155,0
6156,1
6157,0
6158,1
6159,1
6160,1
6161,0
6162,0
6163,1
6164,0
6165,0
6166,0
6167,1
6168,1
6169,1
6170,0
6171,0
6172,1
6173,0
6174,0
6175,0
6176,1
6177,1
6178,1
6179,0
6180,1
6181,0
6182,0
6183,0
6184,0
6185,1
6186,0
6187,0
6188,1
6189,0
6190,1
6191,0
6192,0
6193,0
6194,1
6195,1
6196,0
6197,0
6198,0
6199,0
6200,1
6201,0
6202,0
6203,1
6204,0
6205,0
6206,1
6207,0
6208,1
6209,0
6210,0
6211,1
6212,0
6213,0
6214,0
6215,0
6216,0
6217,1
6218,0
6219,0
6220,0
6221,1
6222,0
6223,0
6224,0
6225,0
6226,1
6227,0
6228,0
6229,0
6230,0
6231,0
6232,0
6233,0
6234,0
6235,1
6236,1
6237,1
6238,1
6239,0
6240,0
6241,1
6242,0
6243,0
6244,1
6245,1
6246,0
6247,0
6248,0
6249,0
6250,0
6251,0
6252,0
6253,0
6254,0
6255,1
6256,0
6257,1
6258,0
6259,1
6260,0
6261,0
6262,1
6263,0
6264,0
6265,0
6266,0
6267,0
6268,1
6269,1
6270,0
6271,1
6272,0
6273,1
6274,0
6275,1
6276,0
6277,0
6278,0
6279,0
6280,0
6281,0
6282,1
6283,0
6284,0
6285,0
6286,0
6287,0
6288,1
6289,0
6290,1
6291,0
6292,0
6293,0
6294,0
6295,0
6296,0
6297,0
6298,0
6299,0
6300,0
6301,1
6302,1
6303,0
6304,0
6305,0
6306,0
6307,0
6308,1
6309,0
6310,0
6311,0
6312,0
6313,0
6314,0
6315,0
6316,0
6317,0
6318,0
6319,0
6320,0
6321,0
6322,1
6323,1
6324,0
6325,0
6326,0
6327,0
6328,0
6329,0
6330,1
6331,0
6332,0
6333,0
6334,0
6335,0
6336,1
6337,1
6338,0
6339,0
6340,0
6341,1
6342,0
6343,1
6344,0
6345,1
6346,0
6347,1
6348,0
6349,1
6350,0
6351,0
6352,0
6353,1
6354,0
6355,0
6356,1
6357,0
6358,0
6359,0
6360,0
6361,0
6362,0
6363,0
6364,0
6365,1
6366,0
6367,1
6368,0
6369,1
6370,1
6371,1
6372,0
6373,0
6374,1
6375,0
6376,1
6377,0
6378,1
6379,0
6380,1
6381,0
6382,0
6383,1
6384,0
6385,0
6386,0
6387,0
6388,0
6389,0
6390,0
6391,0
6392,0
6393,0
6394,0
6395,0
6396,1
6397,1
6398,0
6399,1
6400,1
6401,0
6402,0
6403,0
6404,0
6405,0
6406,0
6407,1
6408,0
6409,1
6410,1
6411,1
6412,0
6413,0
6414,1
6415,1
6416,1
6417,0
6418,0
6419,0
6420,0
6421,0
6422,1
6423,1
6424,0
6425,0
6426,0
6427,0
6428,1
6429,0
6430,0
6431,0
6432,1
6433,0
6434,0
6435,1
6436,1
6437,0
6438,1
6439,0
6440,0
6441,0
6442,0
6443,0
6444,0
6445,1
6446,0
6447,0
6448,0
6449,0
6450,0
6451,0
6452,0
6453,0
6454,1
6455,1
6456,1
6457,0
6458,1
6459,1
6460,0
6461,0
6462,0
6463,0
6464,0
6465,0
6466,0
6467,0
6468,0
6469,1
6470,1
6471,0
6472,1
6473,0
6474,0
6475,0
6476,0
6477,0
6478,0
6479,0
6480,0
6481,0
6482,0
6483,0
6484,1
6485,0
6486,0
6487,0
6488,0
6489,1
6490,0
6491,0
6492,0
6493,0
6494,0
6495,1
6496,0
6497,0
6498,0
6499,1
6500,0
6501,0
6502,0
6503,1
6504,0
6505,0
6506,1
6507,0
6508,0
6509,0
6510,0
6511,0
6512,1
6513,0
6514,0
6515,0
6516,1
6517,0
6518,0
6519,1
6520,1
6521,0
6522,1
6523,0
6524,1
6525,1
6526,0
6527,0
6528,0
6529,1
6530,0
6531,0
6532,1
6533,1
6534,0
6535,0
6536,0
6537,0
6538,0
6539,0
6540,1
6541,1
6542,0
6543,1
6544,0
6545,0
6546,0
6547,1
6548,0
6549,1
6550,0
6551,1
6552,1
6553,0
6554,1
6555,0
6556,0
6557,0
6558,0
6559,0
6560,0
6561,0
6562,0
6563,0
6564,0
6565,0
6566,0
6567,1
6568,0
6569,1
6570,0
6571,0
6572,0
6573,0
6574,1
6575,0
6576,0
6577,0
6578,0
6579,1
6580,0
6581,0
6582,1
6583,0
6584,0
6585,0
6586,1
6587,1
6588,0
6589,1
6590,0
6591,1
6592,0
6593,0
6594,0
6595,0
6596,0
6597,0
6598,0
6599,0
6600,1
6601,0
6602,0
6603,0
6604,1
6605,1
6606,0
6607,0
6608,0
6609,0
6610,0
6611,0
6612,0
6613,1
6614,1
6615,0
6616,1
6617,0
6618,0
6619,0
6620,0
6621,1
6622,1
6623,0
6624,1
6625,0
6626,1
6627,0
6628,0
6629,0
6630,0
6631,0
6632,1
6633,1
6634,0
6635,1
6636,0
6637,0
6638,1
6639,0
6640,1
6641,0
6642,0
6643,0
6644,1
6645,0
6646,0
6647,1
6648,0
6649,1
6650,0
6651,1
6652,0
6653,0
6654,0
6655,1
6656,0
6657,1
6658,0
6659,1
6660,0
6661,0
6662,1
6663,0
6664,0
6665,0
6666,0
6667,1
6668,1
6669,1
6670,0
6671,0
6672,0
6673,0
6674,0
6675,0
6676,0
6677,1
6678,0
6679,0
6680,0
6681,0
6682,0
6683,0
6684,0
6685,0
6686,1
6687,0
6688,1
6689,1
6690,0
6691,0
6692,1
6693,0
6694,0
6695,0
6696,1
6697,0
6698,0
6699,0
6700,0
6701,0
6702,1
6703,1
6704,0
6705,1
6706,1
6707,1
6708,0
6709,1
6710,1
6711,1
6712,0
6713,0
6714,0
6715,0
6716,0
6717,1
6718,0
6719,0
6720,0
6721,0
6722,1
6723,1
6724,0
6725,0
6726,1
6727,0
6728,1
6729,0
6730,0
6731,1
6732,1
6733,0
6734,0
6735,0
6736,1
6737,1
6738,0
6739,0
6740,0
6741,1
6742,0
6743,0
6744,1
6745,1
6746,0
6747,0
6748,1
6749,0
6750,1
6751,1
6752,0
6753,0
6754,1
6755,0
6756,0
6757,0
6758,0
6759,0
6760,0
6761,0
6762,1
6763,0
6764,1
6765,1
6766,0
6767,0
6768,0
6769,0
6770,0
6771,0
6772,1
6773,1
6774,0
6775,0
6776,1
6777,0
6778,0
6779,0
6780,0
6781,0
6782,0
6783,0
6784,0
6785,1
6786,0
6787,1
6788,0
6789,1
6790,1
6791,1
6792,1
6793,1
6794,0
6795,0
6796,0
6797,0
6798,0
6799,1
6800,0
6801,0
6802,1
6803,1
6804,0
6805,0
6806,0
6807,0
6808,0
6809,0
6810,1
6811,0
6812,0
6813,1
6814,0
6815,0
6816,0
6817,1
6818,1
6819,0
6820,0
6821,0
6822,0
6823,0
6824,0
6825,0
6826,0
6827,1
6828,0
6829,0
6830,0
6831,0
6832,0
6833,0
6834,0
6835,0
6836,0
6837,0
6838,0
6839,1
6840,0
6841,0
6842,1
6843,0
6844,0
6845,0
6846,0
6847,1
6848,0
6849,0
6850,0
6851,0
6852,0
6853,0
6854,1
6855,0
6856,0
6857,1
6858,0
6859,1
6860,0
6861,0
6862,1
6863,1
6864,0
6865,0
6866,0
6867,0
6868,1
6869,0
6870,0
6871,0
6872,1
6873,0
6874,1
6875,0
6876,0
6877,0
6878,1
6879,0
6880,0
6881,0
6882,1
6883,1
6884,0
6885,0
6886,0
6887,0
6888,0
6889,0
6890,0
6891,0
6892,1
6893,0
6894,0
6895,0
6896,0
6897,0
6898,1
6899,0
6900,1
6901,0
6902,0
6903,0
6904,1
6905,0
6906,0
6907,0
6908,0
6909,1
6910,1
6911,0
6912,0
6913,1
6914,0
6915,1
6916,1
6917,0
6918,0
6919,1
6920,0
6921,0
6922,0
6923,0
6924,0
6925,1
6926,0
6927,0
6928,0
6929,0
6930,1
6931,0
6932,1
6933,0
6934,0
6935,0
6936,1
6937,0
6938,0
6939,0
6940,1
6941,0
6942,1
6943,0
6944,1
6945,1
6946,0
6947,0
6948,0
6949,0
6950,1
6951,1
6952,1
6953,1
6954,0
6955,1
6956,0
6957,0
6958,0
6959,1
6960,0
6961,1
6962,1
6963,1
6964,0
6965,0
6966,1
6967,0
6968,1
6969,0
6970,0
6971,1
6972,1
6973,0
6974,0
6975,0
6976,0
6977,0
6978,0
6979,1
6980,0
6981,0
6982,0
6983,0
6984,0
6985,0
6986,1
6987,1
6988,0
6989,0
6990,0
6991,0
6992,0
6993,0
6994,0
6995,0
6996,0
6997,0
6998,0
6999,0
7000,0
7001,0
7002,0
7003,0
7004,0
7005,0
7006,1
7007,0
7008,1
7009,0
7010,1
7011,0
7012,0
7013,1
7014,1
7015,0
7016,0
7017,0
7018,1
7019,0
7020,0
7021,1
7022,1
7023,1
7024,1
7025,1
7026,0
7027,0
7028,0
7029,0
7030,0
7031,0
7032,0
7033,0
7034,0
7035,0
7036,1
7037,0
7038,0
7039,0
7040,0
7041,0
7042,1
7043,1
7044,0
7045,0
7046,0
7047,0
7048,0
7049,0
7050,1
7051,1
7052,0
7053,0
7054,0
7055,0
7056,1
7057,0
7058,0
7059,0
7060,0
7061,1
7062,1
7063,1
7064,1
7065,0
7066,0
7067,0
7068,0
7069,0
7070,0
7071,0
7072,1
7073,0
7074,0
7075,1
7076,0
7077,0
7078,0
7079,0
7080,0
7081,0
7082,1
7083,1
7084,1
7085,0
7086,0
7087,0
7088,0
7089,0
7090,0
7091,1
7092,1
7093,0
7094,0
7095,0
7096,1
7097,1
7098,1
7099,1
7100,0
7101,1
7102,0
7103,0
7104,0
7105,0
7106,1
7107,1
7108,0
7109,0
7110,0
7111,0
7112,1
7113,0
7114,0
7115,1
7116,1
7117,0
7118,0
7119,0
7120,0
7121,1
7122,0
7123,1
7124,1
7125,1
7126,0
7127,1
7128,1
7129,1
7130,0
7131,1
7132,0
7133,0
7134,0
7135,0
7136,0
7137,0
7138,0
7139,0
7140,1
7141,0
7142,0
7143,0
7144,0
7145,0
7146,0
7147,0
7148,0
7149,0
7150,0
7151,0
7152,0
7153,0
7154,0
7155,0
7156,0
7157,1
7158,1
7159,0
7160,0
7161,0
7162,1
7163,0
7164,0
7165,0
7166,0
7167,0
7168,0
7169,0
7170,0
7171,1
7172,0
7173,1
7174,0
7175,1
7176,1
7177,1
7178,0
7179,0
7180,0
7181,1
7182,0
7183,0
7184,0
7185,0
7186,0
7187,1
7188,1
7189,0
7190,1
7191,0
7192,1
7193,0
7194,0
7195,0
7196,1
7197,0
7198,1
7199,0
7200,1
7201,0
7202,0
7203,0
7204,0
7205,1
7206,0
7207,1
7208,1
7209,1
7210,1
7211,0
7212,0
7213,0
7214,0
7215,0
7216,0
7217,0
7218,1
7219,1
7220,1
7221,1
7222,0
7223,0
7224,1
7225,0
7226,0
7227,0
7228,0
7229,1
7230,0
7231,0
7232,0
7233,1
7234,0
7235,0
7236,0
7237,0
7238,1
7239,0
7240,0
7241,0
7242,0
7243,1
7244,1
7245,0
7246,0
7247,0
7248,0
7249,0
7250,0
7251,0
7252,0
7253,0
7254,0
7255,1
7256,0
7257,1
7258,0
7259,0
7260,0
7261,0
7262,0
7263,0
7264,0
7265,0
7266,1
7267,0
7268,1
7269,0
7270,0
7271,0
7272,0
7273,0
7274,0
7275,0
7276,1
7277,0
7278,0
7279,0
7280,0
7281,0
7282,0
7283,0
7284,0
7285,0
7286,0
7287,0
7288,0
7289,0
7290,1
7291,0
7292,0
7293,0
7294,0
7295,0
7296,0
7297,1
7298,0
7299,0
7300,1
7301,1
7302,0
7303,1
7304,0
7305,1
7306,1
7307,0
7308,0
7309,0
7310,0
7311,1
7312,0
7313,1
7314,1
7315,0
7316,0
7317,1
7318,0
7319,0
7320,0
7321,1
7322,0
7323,1
7324,1
7325,0
7326,1
7327,0
7328,0
7329,0
7330,1
7331,1
7332,0
7333,0
7334,1
7335,0
7336,1
7337,0
7338,0
7339,0
7340,0
7341,0
7342,0
7343,0
7344,1
7345,0
7346,0
7347,1
7348,1
7349,1
7350,0
7351,1
7352,0
7353,1
7354,1
7355,1
7356,1
7357,0
7358,1
7359,1
7360,1
7361,0
7362,1
7363,1
7364,0
7365,0
7366,1
7367,0
7368,0
7369,1
7370,0
7371,1
7372,1
7373,0
7374,0
7375,1
7376,0
7377,1
7378,0
7379,0
7380,1
7381,0
7382,1
7383,0
7384,1
7385,0
7386,1
7387,0
7388,0
7389,1
7390,0
7391,1
7392,0
7393,0
7394,1
7395,0
7396,0
7397,1
7398,1
7399,0
7400,0
7401,0
7402,0
7403,0
7404,0
7405,0
7406,0
7407,0
7408,1
7409,0
7410,1
7411,0
7412,0
7413,0
7414,0
7415,1
7416,0
7417,0
7418,0
7419,1
7420,1
7421,0
7422,0
7423,0
7424,0
7425,0
7426,0
7427,1
7428,0
7429,0
7430,0
7431,0
7432,0
7433,1
7434,0
7435,0
7436,0
7437,0
7438,0
7439,0
7440,0
7441,0
7442,0
7443,0
7444,1
7445,0
7446,0
7447,1
7448,0
7449,0
7450,1
7451,0
7452,0
7453,0
7454,0
7455,1
7456,0
7457,0
7458,0
7459,1
7460,0
7461,1
7462,0
7463,0
7464,0
7465,1
7466,0
7467,1
7468,0
7469,0
7470,1
7471,0
7472,0
7473,0
7474,1
7475,1
7476,0
7477,0
7478,1
7479,0
7480,0
7481,0
7482,0
7483,0
7484,0
7485,0
7486,0
7487,0
7488,0
7489,1
7490,1
7491,0
7492,1
7493,1
7494,1
7495,0
7496,1
7497,1
7498,1
7499,0
7500,1
7501,0
7502,0
7503,0
7504,0
7505,0
7506,0
7507,1
7508,0
7509,0
7510,1
7511,0
7512,0
7513,1
7514,1
7515,1
7516,0
7517,0
7518,0
7519,0
7520,0
7521,0
7522,0
7523,1
7524,0
7525,0
7526,0
7527,0
7528,0
7529,0
7530,0
7531,0
7532,0
7533,1
7534,0
7535,0
7536,0
7537,0
7538,0
7539,0
7540,0
7541,0
7542,0
7543,0
7544,1
7545,1
7546,0
7547,0
7548,1
7549,0
7550,1
7551,0
7552,0
7553,1
7554,0
7555,1
7556,1
7557,0
7558,0
7559,0
7560,0
7561,0
7562,0
7563,0
7564,1
7565,0
7566,0
7567,1
7568,0
7569,0
7570,0
7571,0
7572,0
7573,0
7574,1
7575,0
7576,0
7577,0
7578,0
7579,1
7580,0
7581,0
7582,0
7583,0
7584,0
7585,0
7586,0
7587,1
7588,0
7589,1
7590,1
7591,0
7592,1
7593,0
7594,0
7595,0
7596,0
7597,1
7598,0
7599,1
7600,0
7601,0
7602,1
7603,0
7604,1
7605,0
7606,1
7607,1
7608,0
7609,1
7610,0
7611,0
7612,0
7613,0
7614,0
7615,0
7616,0
7617,0
7618,0
7619,0
7620,1
7621,0
7622,1
7623,0
7624,0
7625,0
7626,0
7627,0
7628,0
7629,1
7630,1
7631,0
7632,0
7633,0
7634,0
7635,1
7636,1
7637,0
7638,0
7639,0
7640,0
7641,0
7642,0
7643,0
7644,1
7645,0
7646,1
7647,0
7648,0
7649,0
7650,0
7651,0
7652,0
7653,0
7654,0
7655,0
7656,0
7657,0
7658,0
7659,0
7660,1
7661,0
7662,0
7663,1
7664,0
7665,0
7666,0
7667,0
7668,0
7669,0
7670,1
7671,0
7672,0
7673,0
7674,0
7675,0
7676,1
7677,1
7678,1
7679,1
7680,0
7681,0
7682,0
7683,1
7684,1
7685,0
7686,0
7687,0
7688,0
7689,0
7690,0
7691,0
7692,0
7693,1
7694,0
7695,1
7696,0
7697,0
7698,1
7699,0
7700,0
7701,0
7702,1
7703,0
7704,0
7705,0
7706,0
7707,0
7708,0
7709,0
7710,0
7711,1
7712,1
7713,0
7714,0
7715,1
7716,0
7717,0
7718,0
7719,0
7720,0
7721,0
7722,0
7723,0
7724,0
7725,1
7726,0
7727,1
7728,0
7729,1
7730,0
7731,0
7732,0
7733,1
7734,0
7735,0
7736,1
7737,0
7738,1
7739,0
7740,1
7741,0
7742,0
7743,1
7744,0
7745,0
7746,0
7747,0
7748,0
7749,1
7750,0
7751,0
7752,0
7753,0
7754,0
7755,0
7756,0
7757,1
7758,0
7759,0
7760,0
7761,0
7762,0
7763,0
7764,1
7765,1
7766,0
7767,0
7768,1
7769,1
7770,1
7771,1
7772,1
7773,1
7774,0
7775,1
7776,0
7777,0
7778,1
7779,0
7780,0
7781,0
7782,0
7783,1
7784,1
7785,0
7786,0
7787,0
7788,0
7789,1
7790,0
7791,1
7792,0
7793,0
7794,0
7795,1
7796,0
7797,0
7798,0
7799,0
7800,0
7801,0
7802,1
7803,0
7804,0
7805,0
7806,1
7807,0
7808,0
7809,1
7810,1
7811,0
7812,1
7813,1
7814,0
7815,0
7816,1
7817,0
7818,1
7819,0
7820,0
7821,1
7822,0
7823,0
7824,0
7825,0
7826,0
7827,0
7828,1
7829,0
7830,0
7831,1
7832,1
7833,0
7834,0
7835,0
7836,1
7837,1
7838,1
7839,0
7840,1
7841,0
7842,0
7843,1
7844,0
7845,1
7846,0
7847,0
7848,0
7849,0
7850,0
7851,1
7852,0
7853,1
7854,0
7855,1
7856,1
7857,0
7858,1
7859,1
7860,0
7861,0
7862,0
7863,0
7864,1
7865,0
7866,0
7867,0
7868,0
7869,0
7870,1
7871,0
7872,0
7873,1
7874,0
7875,0
7876,1
7877,0
7878,1
7879,0
7880,0
7881,0
7882,0
7883,0
7884,0
7885,0
7886,1
7887,1
7888,0
7889,0
7890,1
7891,1
7892,0
7893,0
7894,0
7895,0
7896,0
7897,1
7898,0
7899,0
7900,0
7901,0
7902,0
7903,0
7904,0
7905,0
7906,0
7907,0
7908,0
7909,0
7910,1
7911,0
7912,0
7913,0
7914,0
7915,1
7916,0
7917,0
7918,0
7919,0
7920,0
7921,1
7922,0
7923,1
7924,0
7925,0
7926,0
7927,1
7928,0
7929,1
7930,1
7931,0
7932,0
7933,1
7934,1
7935,0
7936,0
7937,0
7938,1
7939,0
7940,1
7941,0
7942,0
7943,0
7944,0
7945,0
7946,1
7947,0
7948,0
7949,0
7950,1
7951,0
7952,0
7953,0
7954,0
7955,0
7956,0
7957,1
7958,0
7959,1
7960,0
7961,0
7962,0
7963,0
7964,1
7965,0
7966,0
7967,1
7968,0
7969,0
7970,1
7971,0
7972,1
7973,0
7974,0
7975,1
7976,1
7977,0
7978,0
7979,0
7980,0
7981,0
7982,0
7983,0
7984,1
7985,1
7986,0
7987,0
7988,0
7989,0
7990,1
7991,1
7992,1
7993,1
7994,1
7995,0
7996,0
7997,0
7998,0
7999,0
